PlayerId,PA,K%,BB%,ISO,wRC+,Age,WAR,success
10047,200,0.223234624,0.102505694,0.25,133.9146666462718,21.0,15.092160940749707,1
10053,200,0.133451957,0.05871886099999999,0.162213741,111.54574730825065,24.0,-0.9228815150400426,0
10099,200,0.160337552,0.084388185,0.16509433999999998,101.06984951349732,22.0,6.754716560140359,1
10166,200,0.229729729,0.08108108099999999,0.172284645,92.96301904264622,21.0,0.8116959179908296,0
10231,200,0.149870801,0.054263565,0.033613446,53.9833723608525,21.0,16.809595935664728,1
10264,200,0.22908018843,0.202688678835,0.25330303037999996,143.93405635984635,22.695,27.0179736421634,1
10459,200,0.17871428524,0.07257142826,0.13332998956,120.08124072555748,22.42,4.468291867155367,0
1050,200,0.196969696,0.075757575,0.18207283,117.74437440729534,24.0,-0.2889365064659796,0
10593,200,0.232558139,0.088372093,0.082474226,42.29612528423503,23.0,-0.0451048186880038,0
10816,200,0.166666666,0.083333333,0.260162601,137.63888027291915,23.0,11.681507125043526,1
109,200,0.22995440672,0.06334346431999999,0.11215900699999999,73.68866515378427,25.62,0.2398065774234203,0
11200,200,0.190064794,0.095032397,0.209756098,117.0041859515857,24.0,13.782308484203172,1
11205,200,0.120996441,0.094306049,0.157786886,146.59264805840908,23.0,18.4496173504746,1
11287,200,0.152482269,0.078014184,0.08,80.95836125169666,24.0,-2.177795008666621,0
1136,200,0.17849397574999998,0.06132530095,0.15097680105,109.64894354942419,23.85,0.216323771256505,0
11368,200,0.14053191465,0.16827659521000002,0.18386597904,154.6534942143507,22.91,40.03671322044431,1
11385,200,0.283911671,0.044164037,0.152542372,65.48776633509338,24.0,0.983903235888584,0
1159,200,0.198630136,0.102739726,0.065616797,76.57248356932274,25.0,0.0191064619706005,0
1165,200,0.193877551,0.040816326,0.10928961799999999,65.21636684565193,23.0,0.0320883049261305,0
11846,200,0.126,0.058692307039999995,0.05941471915999999,62.57832173388371,23.04,10.618916829220632,1
1191,200,0.22657766902999998,0.04870145543,0.12063389505,64.64393237732938,23.465,3.470384524481127,0
1433,200,0.166101694,0.040677966,0.104316547,63.771319438448515,22.0,16.330792121741517,1
1673,200,0.240816326,0.044897959,0.1,43.20673545267738,26.0,-0.0902589291281778,0
1718,200,0.142091152,0.075067024,0.051829268,88.92438062204869,26.0,-0.0855115150611646,0
173,200,0.17294900200000002,0.070953436,0.17560975599999998,107.46028950480314,25.0,-0.067389155217277,0
1766,200,0.269430051,0.08031088,0.270893372,112.59891271249822,26.0,2.132658161279408,0
1853,200,0.213450292,0.157894736,0.097122302,90.20454453169128,26.0,0.0,0
1907,200,0.10368181736499998,0.046136362910000006,0.034436968045,38.80783180438329,23.465,1.0726524714343693,0
193,200,0.15302025735000002,0.027578268655,0.096547242725,74.68663659311103,21.415,-0.6021907337057313,0
1965,200,0.12608078572,0.12732532714,0.15048245650999997,135.65071851435025,22.315,12.05034771959432,1
19780,200,0.15785714212,0.09082706725999999,0.1097872345,77.95955855657822,19.86,0.1574294045524241,0
198,200,0.23112994313,0.06573446279,0.04492933349,52.89116501086268,23.19,-0.1266340689494778,0
2020,200,0.137362637,0.137362637,0.197411004,121.53017601909386,24.0,-0.2242403064351664,0
2066,200,0.100401606,0.036144578,0.073913043,70.99892266183618,24.0,-0.0896277500933589,0
2082,200,0.120930232,0.060465116,0.133333333,128.6752665460169,26.0,0.0,0
211,200,0.20766129,0.088709677,0.171945701,114.49073370235762,25.0,13.086768783094104,1
2146,200,0.11590908999999999,0.047727272,0.072681704,100.98192579556057,25.0,0.0553394693963971,0
2152,200,0.118387909,0.078085642,0.126404494,104.4266049037672,24.0,0.0,0
2162,200,0.144262295,0.101639344,0.09345794400000002,85.83520374372249,26.0,-9.3989202347e-06,0
2172,200,0.221120218405,0.055273223955,0.11981653620499999,64.5244754101638,25.215,0.2809241790428577,0
2179,200,0.140672782,0.091743119,0.177700348,147.1559988892796,24.0,1.0388733250669628,0
2187,200,0.25065963,0.029023746,0.26062323,117.39897974571984,25.0,0.5695891024178248,0
2199,200,0.15366863856000001,0.05201183414000001,0.13393089434,93.26540673704865,24.02,-0.6657354794248042,0
2205,200,0.19170833242000002,0.10589583327,0.21138405372000002,105.29802619507849,24.01,0.0,0
2218,200,0.195710455,0.136729222,0.24761904700000004,157.11683902728493,26.0,5.2164166986633145,1
2223,200,0.232142857,0.077380952,0.182119205,104.99757909438068,26.0,0.0,0
2224,200,0.172413793,0.058189655,0.141860465,115.51120244724326,25.0,0.0,0
2225,200,0.131016042,0.077540106,0.133136095,122.80901163701166,25.0,0.2795715444513835,0
2238,200,0.201946472,0.04622871,0.214470285,92.8328132642026,26.0,-0.9711853015792732,0
2280,200,0.142131979,0.106598984,0.23076923000000002,144.19092529573572,24.0,-1.2823122990161768,0
2312,200,0.29704255274,0.103425531695,0.21213685054999998,137.24290919345015,23.595,0.3285847235410813,0
2369,200,0.229838709,0.084677419,0.066666666,62.17024383248808,25.0,-0.1336038762078198,0
2396,200,0.158536585,0.182926829,0.280612245,170.2267952411019,24.0,28.776561386055832,1
2408,200,0.2303124998,0.09124999934,0.12145961252000001,86.32811715188762,25.61,0.9061834071200088,0
2411,200,0.12611111042,0.07373015824000001,0.12958155694,109.63564853445578,20.26,2.168468903438143,0
2430,200,0.139130434,0.056521739,0.066037736,69.62784133205851,23.0,5.514379607617909,1
2481,200,0.20408675781500002,0.08248858374000001,0.089444444355,81.61191061536779,25.61,-0.7684731679090011,0
2495,200,0.244604316,0.115107913,0.256198347,140.69116559156362,23.0,7.588617711622813,1
2498,200,0.147465437,0.133640552,0.125,129.9497612545424,24.0,1.6357915856850476,0
2502,200,0.19127516700000002,0.104026845,0.295454545,163.08200151750535,24.0,6.549754403386041,1
2505,200,0.128318584,0.12168141500000001,0.162790697,111.21756862380843,22.0,6.819191983615497,1
2510,200,0.226086956,0.066666666,0.202531646,114.7720491857592,23.0,-1.7975202059193394,0
2521,200,0.17852941149999998,0.0645098035,0.13473228899999998,99.2434927608137,25.0,1.7622000029591542,0
2530,200,0.170786516,0.083146067,0.174876847,122.23948759335974,23.0,4.654181655702332,0
2539,200,0.203125,0.080357142,0.075376884,44.31265180927118,23.0,0.6921970726805367,0
2554,200,0.184397163,0.180851063,0.307017544,197.7108472495085,24.0,1.145406284095619,0
2559,200,0.23310810800000004,0.057432432000000005,0.125,24.397815125021122,25.0,0.0,0
2562,200,0.12206572700000001,0.070422535,0.09574468100000001,87.49279850240397,25.0,0.0,0
2567,200,0.170731707,0.092140921,0.099378882,84.5055835940876,24.0,0.0437753194434394,0
2578,200,0.171428571,0.052747251999999994,0.18357488,110.54295553093856,23.0,8.527941149087296,1
2591,200,0.15645038155000002,0.0990648854,0.1781504701,122.63559824521347,23.35,-0.913076831072086,0
2602,200,0.218363913735,0.10738532053999998,0.07199216191,74.64657303208685,25.605,-0.3189663881685944,0
2616,200,0.175409836,0.06557377,0.160940325,93.83945344699193,24.0,10.252675017467563,1
2621,200,0.168224299,0.078504672,0.187763713,115.03678021225696,25.0,-0.7331696491199555,0
2636,200,0.178329571,0.079006772,0.20876288600000004,143.94127814034178,25.0,5.852300355212696,1
2650,200,0.25541125521999997,0.08145021602,0.18037037032,71.27419695847112,24.26,0.1222201530178756,0
2677,200,0.11678832099999999,0.0729927,0.099173554,68.53534228146381,25.0,-4.3135661158205565,0
2714,200,0.186098654,0.071748878,0.1925,113.02051448455933,26.0,4.1515757328438,0
2731,200,0.165137614,0.114678899,0.08510638300000001,95.44804323168132,26.0,-0.1933493204161248,0
2777,200,0.19536423799999997,0.072847682,0.09191176399999999,63.3603986853532,25.0,-0.0248091514168943,0
2784,200,0.172131147,0.102459016,0.056872038,75.70762304281594,24.0,0.1173825751583844,0
2829,200,0.1349999992,0.10689189169999999,0.1369696966,78.95966673911657,23.7,7.337154319440247,1
2830,200,0.2297549012,0.1092156856,0.27187053525,164.61853065457686,20.65,3.270470670641702,0
2833,200,0.077192982,0.05614034999999999,0.10687022900000001,77.8433819188057,22.0,-0.7452230945639191,0
2852,200,0.177655677,0.106227106,0.149068323,126.62640240861822,22.0,-1.2938002539864024,0
2861,200,0.18427999994,0.059079999460000004,0.08313265183999999,48.35178431298667,25.22,-0.5586638561605174,0
2881,200,0.148484848,0.087878787,0.164383561,139.38438077882603,24.0,1.5381574019942277,0
2905,200,0.128440366,0.055045871,0.071246819,78.52590652435185,24.0,-0.2566880248856258,0
2907,200,0.22173912999999998,0.17608695599999996,0.22493225,148.61222368755526,26.0,0.6246663155930268,0
2917,200,0.08304917989999999,0.043377048524999996,0.0696504084,67.74992752905717,23.975,-1.5393335692749868,0
2923,200,0.145228215,0.09128630700000001,0.150943396,106.54522473496246,25.0,-1.464414572380835,0
2945,200,0.15828740126000002,0.08425196826,0.13128434078,111.71026424819269,25.0,0.1607644240959605,0
3035,200,0.145061728,0.080246913,0.151202749,114.24401346009849,25.0,4.332435231914602,0
3086,200,0.152912621,0.114077669,0.195467422,117.35765397257022,24.0,7.170700524451458,1
3118,200,0.1757,0.069949999825,0.1695102744,111.32400988036683,24.675,2.5183356207949945,0
3123,200,0.155963302,0.11559633,0.079741379,104.89243936910258,23.0,9.335421285766904,1
3129,200,0.090753424,0.063356164,0.110280374,95.0455027593466,23.0,-1.249762835541849,0
3131,200,0.193014705,0.099264705,0.21802935,120.96806433353214,22.0,-0.4041124632429605,0
3147,200,0.150943396,0.062893081,0.241258741,111.5010320545469,24.0,-0.2762892505314114,0
3154,200,0.19275862038,0.10597701129999999,0.17138764721000002,141.48450414450605,22.41,0.1050515322319385,0
3174,200,0.16806722599999996,0.088235294,0.115384616,88.99020263251008,24.0,33.58581991737437,1
3188,200,0.13818897559,0.04889763727999999,0.17157661252499998,51.48667841143217,23.165,0.8506437246407109,0
3203,200,0.168865435,0.05540897,0.190340909,101.73356141519668,23.0,-1.257917851757635,0
3206,200,0.12874999991,0.030740740710000002,0.028341463860000006,21.43886378629979,23.83,-0.214440852523339,0
3207,200,0.10093922562500002,0.08861878383,0.086439841525,111.52060977825354,23.0,-0.4737122647872672,0
3209,200,0.087527352,0.072210065,0.078624078,102.8970080833685,23.0,1.4520076998533025,0
3231,200,0.102702702,0.051351351,0.12173913,106.56237778955462,25.0,1.546850503982108,0
3248,200,0.07148936097,0.025744680105,0.09543393975499999,78.77406889218182,23.655,-0.086819872517372,0
3255,200,0.148541666415,0.078333332875,0.15018435873000002,127.02558041650411,25.315,17.18065411538344,1
3256,200,0.213235294,0.069852941,0.242677824,104.4356341867158,23.0,4.584203412406891,0
3285,200,0.133144475,0.087818696,0.041800643,79.08587355543142,25.0,-0.2683029728665121,0
3298,200,0.2,0.052631578,0.15954416,72.23824600650055,23.0,0.608736971487523,0
3310,200,0.162361623,0.036900369,0.102459016,74.19832656685132,24.0,0.1568079255047879,0
3312,200,0.09255078999999998,0.076749435,0.10379746799999999,118.51917742338148,23.0,21.161417209936253,1
3336,200,0.065134099,0.107279693,0.150442478,125.48277998296786,24.0,8.161326415408066,1
3353,200,0.273127753,0.10572687200000001,0.28,143.8557192841152,23.0,15.955749325166463,1
3361,200,0.118918918,0.11081081,0.18553459100000003,131.5907522915486,25.0,5.446406126585495,1
3366,200,0.137353433,0.05192629800000001,0.09566787,92.16089257996477,24.0,0.3983541378309288,0
3371,200,0.172638436,0.087947882,0.205992509,137.82687158237107,25.0,8.452955693174124,1
3373,200,0.264264264,0.111111111,0.16838488,106.0789366077764,24.0,1.3072304562636317,0
3376,200,0.181069958,0.069958847,0.21875,84.55659613066514,24.0,1.960833637684794,0
3388,200,0.11597374099999999,0.089715536,0.146039603,120.04051458751862,24.0,1.403425920099444,0
3390,200,0.178947368,0.063157894,0.210526316,93.72054575612933,24.0,2.2796476738168825,0
3395,200,0.115646258,0.183673469,0.088983051,123.25355423310856,24.0,7.081562279955189,1
3402,200,0.24047945119999997,0.09965753366000002,0.19259607548000002,121.36367065493155,24.18,-0.8784573179499002,0
3411,200,0.147147147,0.066066066,0.080536913,48.861933903310536,25.0,-3.7297325684026497,0
3417,200,0.14338204528,0.16869519763,0.16790907926000004,115.0075541298297,24.95,0.6297600322326763,0
3420,200,0.24787142817500002,0.10771428543499999,0.16619528633999997,116.65487597602946,25.855,-0.3947381636209809,0
3424,200,0.27090301,0.070234113,0.225092251,129.75933038646232,25.0,0.0143489730857775,0
3433,200,0.18234165000000002,0.071017274,0.224576271,144.9776154352163,24.0,4.447470596322737,0
3441,200,0.17824189480000002,0.13713216905,0.2702256831,190.91035232351234,25.35,1.6679261765558009,0
3443,200,0.132930513,0.039274924,0.109677419,104.37924105599548,25.0,-0.0039674117133605,0
3448,200,0.16483516399999998,0.06227106200000001,0.132,58.95023449042007,24.0,3.63773459764084,0
3473,200,0.215496368,0.104116222,0.320224719,143.62632904999873,21.0,35.84073628077902,1
3492,200,0.13641304307500002,0.066195651575,0.10009818295,61.858192009037374,24.275,-0.3811154278342054,0
3501,200,0.166197183,0.056338028,0.14953271,107.68464556030708,23.0,-1.4449643504921714,0
3533,200,0.295539033,0.096654275,0.134575569,99.96173979720923,24.0,-0.3946883607343041,0
3534,200,0.25413439562,0.10292710694,0.03970827906999999,32.4894494782177,23.59,-0.6712355450742324,0
3585,200,0.175398633,0.104783599,0.164948454,93.8990090520362,24.0,-0.0578413984751851,0
3622,200,0.18125,0.046875,0.117056856,73.88010275185495,25.0,-1.0826808371224026,0
3630,200,0.13546798,0.103448275,0.104815864,137.2173366014184,24.0,0.0032468184062599,0
3634,200,0.123529411,0.073529411,0.09539473699999998,88.02565303740936,25.0,-0.0338141047006805,0
3648,200,0.18825581331,0.07104651088999998,0.16465020196000002,81.67969318266002,24.345,8.112994922154835,1
3658,200,0.19366197099999996,0.11619718299999998,0.036585366,104.68335635464317,24.0,-0.4588213711217334,0
3669,200,0.24929411715999997,0.13982352884,0.13800759068,101.72264821633252,25.26,-2.63547322798013,0
3674,200,0.2748051947,0.11019480439999998,0.20340276720000003,95.05351056886887,25.9,0.0956747329112017,0
3707,200,0.20935412,0.118040089,0.298701298,169.57754146521387,24.0,15.847316912427786,1
3708,200,0.10460251,0.087866108,0.151658767,138.4130565087476,26.0,11.709282512952042,1
3711,200,0.170124481,0.09543568399999999,0.257142857,141.1488893330424,24.0,4.42399404759456,0
3714,200,0.177083333,0.079861111,0.201581028,100.67669332332072,24.0,-1.664577558448861,0
3726,200,0.107055961,0.0729927,0.087765958,107.63176468047968,24.0,0.2139684858025622,0
3728,200,0.262921348,0.051685392999999996,0.166666667,77.07423590648126,22.0,-0.1984409225784054,0
3734,200,0.134920634,0.10052909999999998,0.057926829,75.88850325030903,22.0,-0.113048924294714,0
3735,200,0.26419999996,0.1061199999,0.22054545495,143.83420144256291,24.89,0.0535576495509643,0
3751,200,0.16,0.076,0.200873363,149.1094214432426,22.0,-1.0656115364294747,0
3767,200,0.16322742435,0.07483277565,0.206189631725,143.9137280318757,24.0,-0.67829970444796,0
3789,200,0.157894736,0.06882591,0.074561404,43.39269618153281,25.0,-0.8729301550375563,0
3790,200,0.16356107600000003,0.064182194,0.159453303,87.27220139552648,24.0,1.3223709061715676,0
3812,200,0.184615384,0.061538461,0.076595745,81.7775769051338,22.0,-0.1109478096908992,0
3814,200,0.167229729,0.087837837,0.11428571500000001,89.93263041379747,26.0,0.0232781465966881,0
3817,200,0.11888043444999999,0.039032607914999996,0.118125,82.57327330382246,22.945,0.0546671456886367,0
3821,200,0.22022471900000004,0.069662921,0.206812652,96.65597024679047,24.0,-0.3896901011354019,0
3837,200,0.245327102,0.130841121,0.217270195,122.1830531129248,26.0,-0.0550170652783865,0
3868,200,0.17444219,0.066937119,0.073991032,67.37469538152511,22.0,-0.2400023903547861,0
3870,200,0.14939759,0.074698795,0.161725068,121.43708015244626,24.0,-0.0398214256371863,0
3878,200,0.1122168282,0.0726860833,0.09156045757999999,65.73855843172865,25.14,8.662948877859792,1
3892,200,0.156819126345,0.061444905820000006,0.14298522836500002,61.13308381809024,22.605,20.468193163981464,1
3893,200,0.16734042458499998,0.09093085022,0.177953216055,117.29668133413608,25.895,-0.2503346861286459,0
3900,200,0.153638814,0.056603773,0.076696165,61.29512155055977,23.0,0.1202891866004126,0
3909,200,0.150278293,0.057513914,0.111776448,77.83450486945908,25.0,-1.7000918097857742,0
3913,200,0.08664259899999999,0.155234657,0.08071748900000002,137.760344503147,26.0,1.4335001043860238,0
3917,200,0.214876033,0.030303029999999998,0.218658892,111.61216652561382,21.0,0.5902101620734705,0
3919,200,0.157977527285,0.05735954987,0.09256829363499999,37.589272577787185,23.675,-0.8152072574963334,0
3972,200,0.14533962242,0.09037735802,0.15458656648000002,114.48419956465601,25.11,-0.4427859069063852,0
3978,200,0.158671586,0.051660516,0.187755102,114.26050613093304,24.0,4.750958613939343,0
4003,200,0.257839721,0.069686411,0.122605364,63.66811940718025,24.0,-0.1223800346672382,0
4006,200,0.14244186,0.116279069,0.211805555,99.65429010147554,24.0,0.4918798060389979,0
4016,200,0.205741626,0.09090909,0.308108108,97.7301461500329,23.0,0.299500143538065,0
4034,200,0.29614062492,0.115093749915,0.18824175801999998,112.20161695944755,22.885,-0.0951904921267223,0
4054,200,0.15054726358,0.07507462676,0.08087720770000001,102.78937401525862,23.0,4.539538999618445,0
4062,200,0.21499999939999997,0.13499999974000002,0.19522271876000002,116.18489469074001,24.38,19.269065147083907,1
4063,200,0.261437908,0.09150326700000001,0.1875,112.71820464113225,25.0,-1.7818780864578547,0
4087,200,0.18951999941499997,0.10383999972499999,0.21514418565999996,155.39639067086918,22.555,-0.1065973244425255,0
4106,200,0.09090909,0.111742424,0.094091904,91.2067760130547,22.0,28.48319886470753,1
4121,200,0.145652173,0.076086956,0.135714286,99.02418705998817,24.0,-0.2045562546692086,0
4142,200,0.1414601768,0.10398230048,0.04595744688,47.99758887553751,24.48,-0.1648908392660636,0
4146,200,0.191578947,0.07368421,0.108490566,106.39252465756209,23.0,0.6709655958126881,0
4166,200,0.26224770625,0.05502293490500001,0.12910388487000002,57.515779331540855,24.965,0.9398314504130152,0
4177,200,0.153652392,0.070528967,0.063711911,73.1342536681487,24.0,0.1555240534446111,0
4182,200,0.12,0.076,0.07079646,80.79267662367656,23.0,-0.0112097646930241,0
4243,200,0.22488929832000001,0.07590405854,0.11798146828,80.43499141033595,24.26,1.9690475516421355,0
4249,200,0.14618320584,0.042455470065,0.075887141295,45.59487608212521,23.245,0.6664780693010721,0
4293,200,0.18417846972,0.04096317204,0.13974218472,74.03649236215841,24.37,-2.902200367839939,0
4295,200,0.234714003,0.05128205100000001,0.19578947400000002,107.0298971423447,25.0,0.0161440797089646,0
4314,200,0.189655172,0.120689655,0.183467742,134.28201468861687,23.0,58.73139354431035,1
4328,200,0.263157894,0.058479532,0.189710611,83.46117104471242,26.0,-0.5744533240221362,0
4365,200,0.16113138635000002,0.09065693421000001,0.23863128482,120.16072747112536,24.62,3.7676183423797576,0
4390,200,0.261780104,0.12565445,0.261682243,128.2462572046255,23.0,0.116804025050152,0
4398,200,0.219444444,0.072222222,0.124242424,82.43361809762581,24.0,-0.2852238815343773,0
4409,200,0.17735849,0.10943396199999998,0.111587982,92.32300533294112,26.0,-0.2543041486382593,0
4418,200,0.18613247768999996,0.07523504252999999,0.201697916705,132.0374812150748,23.115,19.86234440071849,1
4429,200,0.16968085015499998,0.08294832790000001,0.09181252537500001,74.96629503203049,26.0,-0.4436937756444802,0
4439,200,0.17469879499999996,0.051204819,0.112582782,63.87334138092177,26.0,-0.3832178135071091,0
4448,200,0.129390018,0.12384473099999999,0.148796499,110.22063713951655,24.0,-0.3881672901073834,0
4450,200,0.131979695,0.091370558,0.10511363700000001,94.3779692266253,25.0,-0.0507573844129305,0
4464,200,0.1705797097,0.09862318789999999,0.13290087695,102.43535428419506,23.7,0.3336277685002753,0
4467,200,0.264758497,0.109123434,0.188640974,128.30693934180445,23.0,8.760161702428347,1
4507,200,0.118644067,0.118644067,0.196517413,120.58646419305346,26.0,-0.0658003904844946,0
4519,200,0.117768595,0.08471074299999999,0.139211137,99.89490529319166,26.0,-0.5601835567557784,0
4556,200,0.183908045,0.09578544000000001,0.10300429100000001,74.95224413826898,23.0,6.364520413773658,1
4563,200,0.195530726,0.0707635,0.234693878,128.4998371858985,25.0,0.2792185812087048,0
4583,200,0.14527027,0.152027027,0.071129707,91.5687743221938,26.0,0.3615105496465565,0
4611,200,0.171532846,0.08029197,0.22040816400000002,141.66673149427416,23.0,-0.0869463151781549,0
4623,200,0.170353982,0.066371681,0.209638555,122.8847614231243,22.0,-1.3999985066594154,0
4646,200,0.172481202515,0.12629699217999998,0.10710951773499999,116.58001918895124,24.015,2.7316869732043725,0
4652,200,0.166037735,0.11509433900000002,0.22197802199999997,121.92495710739249,23.0,-0.4726436052720602,0
4661,200,0.206572769,0.058685446,0.179487179,79.62954497498826,23.0,-0.3134395640111738,0
4666,200,0.218130311,0.133144475,0.08,71.44652616969111,26.0,0.0966533263119683,0
4675,200,0.25479381423999997,0.09025773184000001,0.10918388988,91.2022482252221,24.36,0.1397916587536468,0
4677,200,0.155294117,0.084705882,0.177718833,137.87107336098097,25.0,2.1245500747251995,0
4694,200,0.18421052600000004,0.078947368,0.167213115,93.0691986438096,26.0,-0.0178608533498023,0
4704,200,0.221493505855,0.08525973958,0.18360952395,132.44956613558062,24.005,1.7969214243996416,0
4707,200,0.17671171117,0.176054053465,0.280898973755,154.78870697827972,24.305,-0.184117502303623,0
4710,200,0.267267267,0.123123123,0.253521127,129.92303872120755,26.0,-0.1866079516286493,0
4712,200,0.07252475202,0.041683167855,0.045865569915,91.89394919502013,23.295,7.766595103682358,1
4719,200,0.203098106,0.09122203,0.09423076899999999,88.0367834215682,25.0,2.5900972975756087,0
4720,200,0.22033898299999996,0.10508474500000001,0.25096525,139.77357042727328,24.0,26.76121424405052,1
4727,200,0.11720698199999999,0.079800498,0.082644628,105.15790167591034,23.0,30.1446449220874,1
4730,200,0.11587301499999998,0.074603174,0.152482269,108.22119504775011,26.0,-0.9398968524378236,0
4734,200,0.18871473349999998,0.04261755425,0.10912314625000001,54.926253925414564,23.75,-0.0130356221501978,0
4738,200,0.173228346,0.106299212,0.062222222,51.8879890228096,25.0,0.0,0
4740,200,0.16772151800000004,0.091772151,0.133574007,106.5192645514234,25.0,0.4681267588350306,0
4746,200,0.120104438,0.078328981,0.08746355700000001,73.5382477507402,26.0,-1.075655354199771,0
4748,200,0.185840707,0.061946902,0.170491803,122.274464760632,26.0,0.0926192662309705,0
4751,200,0.265267175,0.082061068,0.133909287,64.95153351411777,23.0,0.4847094776009718,0
4756,200,0.191419141,0.09240924,0.144444444,85.37905060149993,26.0,1.2780432117568423,0
4793,200,0.19023696680000002,0.07549762968,0.41508170444000003,160.04425851762045,24.12,1.7398107700060463,0
4863,200,0.308743169,0.106557377,0.139751553,84.14241788390979,23.0,-0.0456394850060555,0
4866,200,0.146118721,0.07305936,0.076923077,76.66662384622431,25.0,11.682968738283977,1
4892,200,0.105932203,0.033898305,0.271111111,114.40538336737737,21.0,15.171516019696057,1
4898,200,0.24923566848,0.08200636868,0.19129979040999998,111.32206281030221,23.41,0.0039259378438619,0
49,200,0.225,0.139285714,0.201716738,139.6440141638994,22.0,3.616918861127997,0
4900,200,0.20031055899999997,0.062111801,0.150501672,70.75376378801766,23.0,1.1598912209863137,0
4903,200,0.140449438,0.06741573,0.172307692,87.53025635331079,21.0,-0.7619215454456958,0
4906,200,0.115023474,0.056338028,0.114583333,83.65486754192497,24.0,-1.4093478282253278,0
4950,200,0.148979591,0.040816326,0.095860566,87.28621865267331,24.0,-1.3249469306769277,0
4964,200,0.18815151471500002,0.05581818097499999,0.081877622395,101.1605250336018,25.355,1.7719840377321114,0
4969,200,0.1300813,0.113821138,0.070754717,103.0875723947876,22.0,7.532366776579678,1
4984,200,0.25370786444,0.09449438106000001,0.16685443036000003,113.54091365209334,24.78,-0.4680117941920029,0
5002,200,0.172862453,0.117100371,0.165254238,116.58128671313509,22.0,0.4058768473509888,0
5038,200,0.227011494,0.129310344,0.238095238,110.36082458748837,24.0,46.43357989391132,1
5039,200,0.27617187485,0.10195312485500001,0.12002465964,76.95932361409146,23.795,-0.2879071838951844,0
5053,200,0.134387351,0.055335968,0.16239316300000003,124.13634819229068,22.0,-0.1759368976683789,0
5063,200,0.095070422,0.073943661,0.059523809999999996,65.59921606627015,24.0,-0.2025678075747187,0
5097,200,0.20954356800000004,0.101659751,0.133333334,98.0805629755913,21.0,1.8671784304949888,0
5098,200,0.18371165634499997,0.046687116405,0.128660333455,95.90866618127872,23.435,0.0470830741146331,0
5124,200,0.12474117588999999,0.049329411375,0.081347150255,50.006081031916914,24.0,-0.0268933817258997,0
5128,200,0.247727272,0.11363636299999999,0.2265625,122.1502913349468,25.0,-0.6414722166286628,0
5198,200,0.09,0.03,0.1875,100.49946172493338,23.0,-1.0986934324195154,0
5199,200,0.270642201,0.128440366,0.171122995,86.38996275665255,24.0,1.5131930768372248,0
5209,200,0.20857142824999997,0.156071428275,0.22650401822500002,155.04343044641755,25.575,31.4559673553018,1
5219,200,0.29581081053,0.07404365876,0.15645289246,84.8991363318532,22.81,-0.0061579494160564,0
5223,200,0.169096209,0.110787172,0.144295302,139.0108677834384,22.0,14.592255240408964,1
5225,200,0.272,0.096,0.297297297,146.53999807677275,25.0,-0.6720659922664312,0
5227,200,0.12716312036,0.07099290716000001,0.12640764764,110.81494491502166,23.68,9.827206399745853,1
5235,200,0.083900226,0.077097505,0.087855297,111.65383821418314,24.0,35.83925243622092,1
5247,200,0.161094224,0.079027355,0.308219178,153.38190323793563,21.0,9.539343255207848,1
5248,200,0.136986301,0.093150684,0.075,90.6235264816637,22.0,1.5506791777204982,0
5275,200,0.19815347660000002,0.0714388484,0.08232006882500001,87.89634028191541,24.8,17.412920035119157,1
5278,200,0.1571542546,0.01984042473,0.10625864274999999,65.52654420689264,24.0,0.5878392406493591,0
5305,200,0.141891891,0.074324324,0.165441176,119.96021353949318,24.0,0.7139222324445886,0
5306,200,0.22632257993500002,0.042344085165,0.11446043145,56.830510967468214,24.895,1.3384873255454055,0
5310,200,0.259433962,0.023584905,0.221674877,76.33472788267028,25.0,1.900535056670392,0
5311,200,0.212962962,0.10555555499999998,0.200426439,125.8422358541524,24.0,-0.0786135878756518,0
5342,200,0.235188509,0.068222621,0.217391304,135.3720285078927,26.0,-0.1748838804690103,0
5352,200,0.077464788,0.072183098,0.11776061799999998,91.94503966894035,24.0,6.596337825975138,1
5361,200,0.16184971,0.082851637,0.201735358,139.27566799471683,20.0,64.7964834753076,1
5386,200,0.231884057,0.08212560299999999,0.10810810799999998,47.34154746492501,22.0,-0.3808289523102546,0
5411,200,0.266875981,0.09576138100000002,0.228980322,103.21702425145452,22.0,-0.2832104105379021,0
5422,200,0.123076923,0.064615384,0.09863945599999999,107.005937736239,22.0,-0.731175959345891,0
5451,200,0.18116279003500002,0.14411337174999997,0.121696970135,108.50673671575905,24.69,-0.1134826405160037,0
5462,200,0.207920792,0.08085808499999998,0.155797102,96.40734963957732,24.0,0.671489499437571,0
5476,200,0.19769938633999998,0.03268916086,0.121712263555,77.08125486431008,22.365,-0.2375479848631263,0
5481,200,0.188432835,0.041044776,0.159763314,109.60707629653226,23.0,-2.0106181611377614,0
5496,200,0.17226890699999997,0.031512605,0.122494432,75.0735128608756,24.0,0.1365479310059373,0
5497,200,0.092920353,0.07079646,0.101522842,75.27730721577487,22.0,10.841720427909936,1
5503,200,0.147668393,0.137305699,0.207951071,134.49279514484834,23.0,-0.9484075643752274,0
5506,200,0.21257485000000004,0.095808383,0.166666667,96.6113398848815,24.0,1.3382288289772628,0
5514,200,0.180555555,0.09126984099999999,0.227373069,138.20314900369303,20.0,-2.1994288958091035,0
5519,200,0.147540983,0.057377049,0.064220184,79.18331360189327,20.0,4.584603238571095,0
5557,200,0.22611111096000003,0.09796296255999999,0.20114285764,103.13893304576764,24.36,5.379494844193319,1
5578,200,0.214457831,0.067469879,0.12201591500000002,83.33074189815358,26.0,0.0,0
5587,200,0.23495049488,0.029059405599999998,0.13211969414,47.33002505131494,24.54,3.332795322353009,0
5588,200,0.149328859,0.05536912699999999,0.148897059,88.26965756069322,25.0,0.3482217747131342,0
5633,200,0.210526315,0.077192982,0.2,94.22230125291112,25.0,-0.4376160724944565,0
5653,200,0.213032581,0.137844611,0.160237388,110.39509640842016,26.0,5.921490896211004,1
5663,200,0.21617187499,0.07787109369999999,0.15678557911,103.74125218375592,22.91,-0.8157820337960413,0
5665,200,0.14828858989500002,0.10543624088499999,0.22106942810500002,131.11792559302685,22.705,-1.0548972512945407,0
5666,200,0.18809619205,0.10398797510999999,0.20534050858,124.7058264149175,22.71,1.703692606465122,0
5715,200,0.267068273,0.10441767,0.205069125,86.06368054409799,23.0,0.1422063562083352,0
5716,200,0.206043956,0.109890109,0.192429022,123.01544197029598,25.0,-0.1396039052308958,0
5735,200,0.150214592,0.0944206,0.108374384,85.64777537612449,26.0,0.0469848825495086,0
5812,200,0.20240671614,0.07095149169,0.062038706635,52.2402454532098,25.015,0.0213165746489935,0
5834,200,0.114638447,0.052910052,0.157692307,88.46138703174505,25.0,0.6531919762559506,0
5848,200,0.140035906,0.068222621,0.21980198,104.6347305508532,25.0,-0.5799521155595349,0
5851,200,0.106941838,0.075046904,0.190476191,113.00781943197411,25.0,-0.2634262096370805,0
5887,200,0.12177834972,0.09860824699,0.16106131820999997,110.65644693439083,24.41,5.144676200900544,1
5888,200,0.202166064,0.11191335699999999,0.18220339,100.48177406728816,25.0,-0.5571529517157625,0
5928,200,0.11423841,0.129139072,0.145348838,122.11749175425956,21.0,7.663474784651033,1
5950,200,0.194092827,0.103375527,0.173913043,103.03650628311702,22.0,2.089673135829062,0
5963,200,0.18972332000000003,0.08498023699999999,0.146726862,102.86785721748711,23.0,-0.3509949164874026,0
5986,200,0.101549053,0.051635111,0.167286245,99.70754023991871,26.0,3.844258634564696,0
6002,200,0.138576779,0.108614232,0.08189655199999998,98.83398230331304,26.0,0.8318105050568693,0
6003,200,0.12053571400000002,0.078125,0.074257426,101.20789376175384,26.0,0.6434740963507763,0
6012,200,0.153465346,0.05940594,0.18378378399999998,90.47128457156252,22.0,12.102252896629118,1
6026,200,0.093637469545,0.09121654416,0.08852355045999998,80.74958564407832,23.895,-0.2314879378781933,0
6032,200,0.132978723,0.056737588,0.068226121,72.04501415583545,24.0,0.7482662976838212,0
6035,200,0.153153153,0.092342342,0.1425,110.67892277466764,25.0,9.51596345586822,1
6046,200,0.240309277925,0.055103092525,0.085522664275,55.80042181327266,24.45,-0.3552746852468302,0
6049,200,0.129449838,0.05177993499999999,0.136842105,94.9576892341875,26.0,0.0298592300510433,0
6050,200,0.20379146900000003,0.092417061,0.183023873,106.03724399472392,23.0,-0.5188028310642723,0
6052,200,0.300330033,0.118811881,0.185328185,117.1359074520582,25.0,-0.2664924575146647,0
6073,200,0.110481586,0.070821529,0.068111455,77.90487968808239,25.0,8.61132864545856,1
6086,200,0.165699999275,0.06699999921,0.122353544525,76.26281270525631,24.715,4.221046525202583,0
6141,200,0.11063106766000001,0.06682038798,0.06664571468,77.01318327019023,24.31,4.879875372084048,0
6144,200,0.210762331,0.08520179300000001,0.18,102.33462459317252,25.0,-0.0696384301005933,0
6153,200,0.195895522,0.05037313400000001,0.08775510199999999,78.12723989894492,22.0,15.636431963842025,1
6155,200,0.18181818100000002,0.122529644,0.186363637,114.16135778965224,22.0,0.2920556904066695,0
616,200,0.189765458,0.08315565,0.21686747,113.77600666358433,25.0,-0.0034478875187976,0
6165,200,0.065789473,0.09774436,0.075268817,85.58603847396006,26.0,0.2072434785747637,0
6178,200,0.194915254,0.097457627,0.174757282,101.04648506392104,24.0,0.4877192210822963,0
6201,200,0.132118451,0.038724373,0.22627737200000003,129.69932592427926,23.0,5.260347539567633,1
6220,200,0.1611609496,0.0549604218,0.09019115849,93.93689342844867,25.71,-0.0907319066240078,0
6256,200,0.173357664,0.127737226,0.173819743,115.0110479541139,25.0,0.0529323603056272,0
6262,200,0.153846153,0.082995951,0.154022989,71.07669062868321,25.0,-0.4711632583390202,0
6266,200,0.10488245899999998,0.086799276,0.08571428600000001,94.98652645047687,26.0,-0.012502532566695,0
6267,200,0.23383333266,0.0326666662,0.25431235438,98.45349735953862,24.46,-1.243521981747686,0
6288,200,0.164874551,0.086021505,0.11155378499999999,85.37355648206307,24.0,-0.4794169955691749,0
629,200,0.26349809838,0.10652091243999999,0.20441729251,72.20059359440297,24.89,0.2356737874359877,0
6307,200,0.10931034408000001,0.1025517234,0.22549465114,141.8827947095036,25.14,0.6128273336220955,0
6310,200,0.133470225,0.065708418,0.111627907,105.0547186805992,22.0,13.299395878226392,1
6335,200,0.16539440200000002,0.078880407,0.135057471,101.4004508407026,25.0,-0.9926644366334124,0
6341,200,0.135396518,0.036750483,0.18556701,101.4052320244448,24.0,-0.0310746941831688,0
6343,200,0.24578313200000002,0.072289156,0.169761273,119.06067327384876,24.0,-0.5143829829336314,0
6352,200,0.157777777,0.106666666,0.128463476,104.38228362889824,22.0,8.768558894653674,1
6358,200,0.074906367,0.097378277,0.175965665,132.5660164426876,25.0,-0.3300753509499604,0
6364,200,0.131205673,0.028368794,0.167286245,98.54204933239184,24.0,6.823527523714329,1
6368,200,0.226012793,0.076759061,0.271428571,145.48253517629783,21.0,29.40011895286792,1
6384,200,0.239819004,0.10180995399999998,0.232736573,109.45000449522405,24.0,-0.4933396897057143,0
6400,200,0.284434388405,0.10350678669,0.15816134712500002,94.92088776355973,22.335,2.16720744642718,0
6402,200,0.154320987,0.040123455999999995,0.183006536,127.61137790372418,23.0,-0.5764746762123538,0
6403,200,0.17713815699000002,0.05312499969,0.01307519235,46.01679416198938,22.21,-0.3073571354557486,0
6421,200,0.18148837169,0.09969767373999999,0.138221765355,129.73634431579265,23.735,0.9710134822022168,0
6441,200,0.19746987920999998,0.06265060206499999,0.08120318093,93.31219373314991,23.505,0.3990132132605742,0
6444,200,0.135048231,0.125401929,0.279245283,137.36424600788857,23.0,-0.1821789789340064,0
6448,200,0.196560196,0.066339066,0.054495913,60.59643134390853,25.0,-0.2154234201410038,0
6453,200,0.147093022865,0.052325580695,0.232455123995,161.94464910981011,24.535,3.0748939766466563,0
6461,200,0.12585034,0.108843537,0.17120622599999996,92.63867643691732,24.0,-0.0301078564508664,0
6533,200,0.139479905,0.106382978,0.024793388,96.4473095642644,24.0,0.2102805879144323,0
6547,200,0.172,0.052000000000000005,0.146017699,90.24087460512932,24.0,11.284260053048024,1
6564,200,0.13454697941499996,0.06870805316,0.164489510595,95.48436851682703,24.295,1.632372972569833,0
6589,200,0.155709342,0.10034602,0.338709678,146.3494143658692,23.0,7.230183681953314,1
6592,200,0.245901639,0.092213114,0.224256293,98.65992621389329,22.0,-3.0123621687007005,0
6596,200,0.149105367,0.085487077,0.123595505,93.03355991737374,24.0,-0.7907746627754236,0
6597,200,0.224576271,0.11440677900000001,0.138686131,99.2222317673099,25.0,-1.369754469534241,0
6601,200,0.20399999954499998,0.08128571386500001,0.08946633889000001,77.9397113088369,24.095,-0.2508077590382499,0
6617,200,0.36344086,0.079569892,0.301886792,114.81178120478303,22.0,-0.4112763108565481,0
6623,200,0.126829268,0.121951219,0.125714286,119.10528985752404,25.0,-0.1190462238406765,0
6635,200,0.26231910887000004,0.073979591705,0.129730290495,78.04740873360382,25.69,-0.1193602495287812,0
6652,200,0.165109034,0.07165109,0.125,98.62307259294435,24.0,-0.2185508167108238,0
6656,200,0.120448179,0.09523809499999998,0.097791798,120.85112242704095,22.0,-0.6671909248073922,0
6677,200,0.09075178978000001,0.10940334078,0.04920578822,80.07358132784799,23.22,-2.3204774475096674,0
6713,200,0.242857142,0.132142857,0.24,146.7445299358547,26.0,-0.3542901244181236,0
6740,200,0.113320079,0.079522862,0.143487859,115.13526174450048,23.0,1.2043039384404204,0
6777,200,0.10718562832,0.067335328925,0.08237336586499999,115.6331241097922,21.415,-0.9130152283630576,0
6827,200,0.303571428,0.12053571400000002,0.153645833,105.6725437927081,25.0,3.0611082023088123,0
6848,200,0.118577075,0.063241106,0.092672414,102.5768454655984,23.0,3.1277940208517423,0
6863,200,0.126064735,0.08006814300000001,0.179047619,116.81623694758866,25.0,-0.1204706857789733,0
6867,200,0.166666666,0.085365853,0.206422019,110.93420699284243,23.0,9.93396432548797,1
6876,200,0.211764705,0.097478991,0.27631579,125.39066255379262,24.0,6.855907231610967,1
6878,200,0.08815217311000001,0.11374999966999999,0.17614514511999999,135.71539519188912,25.01,6.050182015864836,1
6880,200,0.13343807732500002,0.07878003651,0.11234611119,96.96149203760677,22.795,-0.7726284577613584,0
6885,200,0.150485436,0.097087378,0.106741573,149.73948967649662,23.0,18.351417424016745,1
6887,200,0.21149253729999998,0.06768656690000001,0.16072796920000001,83.7168507170456,22.9,11.06974580438659,1
6898,200,0.11433035675000001,0.067946428425,0.15204124522499998,128.8681359463415,23.425,0.6430096960604123,0
6908,200,0.153846153,0.101398601,0.206759443,126.99609413211232,26.0,-0.046534871356162,0
6962,200,0.20166666660000002,0.08666666660000001,0.159408034,109.9054751059111,22.2,-0.9503024160568828,0
6968,200,0.23993718525000002,0.07619346664,0.19391687089500004,165.4207665245386,25.135,0.0792139474883127,0
697,200,0.228,0.052000000000000005,0.208154506,78.88302044481405,23.0,0.1408468337841899,0
6978,200,0.244331306325,0.04455926989,0.259376058225,149.81878879675207,22.505,2.107117723815956,0
6987,200,0.18863636322,0.09022727214500001,0.152561713275,119.45604704832074,23.045,-0.6887173194136605,0
7095,200,0.314903846,0.125,0.175141243,118.0334565801775,25.0,3.6961679305938193,0
7099,200,0.227424749,0.066889632,0.11678832099999999,65.53447384415016,24.0,-0.6512369502882553,0
7158,200,0.142599277,0.101083032,0.131355932,105.66066083309578,24.0,2.8583415113494617,0
7164,200,0.23902439,0.034146341,0.11253197,74.26611384700546,26.0,-0.2736203472446778,0
7178,200,0.16735294096,0.05165775344,0.16156069420000002,80.3078913576649,25.84,-0.1513134166347462,0
7185,200,0.229357798,0.151376146,0.202247191,140.08264373997926,24.0,7.616152129589047,1
7215,200,0.135338345,0.075187969,0.156521739,100.09967452942001,24.0,2.6400923066656787,0
7223,200,0.208845208,0.113022113,0.261627907,139.52005881027486,25.0,-0.3841917862416223,0
7242,200,0.110655737,0.06557377,0.203619909,110.55044516731134,25.0,-0.1044021638525505,0
7250,200,0.138157894,0.11184210499999998,0.2,130.7010600362017,25.0,1.731265473382634,0
7287,200,0.1707407406,0.09433862384000001,0.14675474836,102.19630517017123,21.76,25.033022689235462,1
7290,200,0.105675146,0.14481409,0.12171837700000002,126.54976216130775,25.0,-3.034884957066452,0
7307,200,0.247826086,0.045652173,0.24647887299999996,99.93985453582654,24.0,-0.0390880909715468,0
7316,200,0.147945205,0.109589041,0.112852665,82.12887094069143,25.0,-0.0254899394525808,0
7324,200,0.262008733,0.100436681,0.102564103,97.41921838246272,25.0,2.2622794723411737,0
7331,200,0.144268774,0.077075098,0.21064301600000002,116.60653222145154,24.0,13.954241127161405,1
7333,200,0.155606407,0.084668192,0.094387755,97.73820580747736,24.0,-0.0497210299379921,0
7348,200,0.15609374975,0.07078124975,0.147321429,106.42796980349313,23.75,-0.7746529986053159,0
7349,200,0.143552311,0.09002433,0.079234973,71.38557063733329,24.0,-0.1935237338659894,0
7364,200,0.21815972185,0.075625,0.0932508506,47.98356672699997,24.65,-0.0297288728867818,0
7365,200,0.11740041900000002,0.077568134,0.134292566,111.55206595246032,25.0,0.1418114001942704,0
7399,200,0.125,0.16796875,0.251231527,140.38357196129166,21.0,6.282362890172347,1
7412,200,0.136563876,0.061674008,0.095477387,59.804283456020215,24.0,-0.4891988389125163,0
7419,200,0.228103448225,0.072586206225,0.08780127095000001,46.08677773424077,25.15,-0.5054225158698877,0
7423,200,0.19388534984,0.12159235651499997,0.18758079305000003,124.39288864444026,23.045,0.3075940260371964,0
7430,200,0.19678947286,0.13452631554,0.19127388553,132.55454628029074,26.0,0.5357764547718998,0
7435,200,0.137681159,0.155797101,0.175675675,134.5948648302602,26.0,43.4890385006001,1
7436,200,0.16904191558,0.083233532905,0.2554827586,130.60092058180578,23.0,-0.2093986664044825,0
7451,200,0.191596638,0.107563025,0.131528047,98.88958679253176,24.0,-0.590544635989243,0
7462,200,0.172794117,0.051470588,0.16400000000000003,86.42136459613067,22.0,5.541255936456813,1
7468,200,0.26884120159999997,0.0583690984,0.07887324,58.42340877949292,25.8,0.6193113416862991,0
7471,200,0.18065502095,0.08268558862999999,0.09678132779999998,70.17991265140707,25.11,-0.5577072572657289,0
7480,200,0.202040816,0.114285714,0.1875,125.44527478943692,23.0,1.3796145000279691,0
7485,200,0.11108108053999999,0.09481572428,0.17648443870000002,96.34285533798861,22.38,1.897412286964322,0
7490,200,0.240963855,0.156626506,0.214634146,142.7988998000307,24.0,-0.3000282627824823,0
7498,200,0.27095238063,0.04761904704,0.0931619396,53.9581911452851,24.99,0.03740106872857,0
7515,200,0.12064516121499999,0.04534050114,0.076688845795,36.693763139173846,23.01,-0.3741416730459233,0
7536,200,0.175159235,0.070063694,0.12720848,97.92046148658744,23.0,-0.072520094210264,0
7539,200,0.18647272694000003,0.044536363075,0.12901345934,70.80058466479393,21.655,19.80368370361936,1
7547,200,0.224956063,0.117750439,0.194779117,107.48294367595834,25.0,-0.1349574234253216,0
7548,200,0.245,0.0707142855,0.20894228825,102.1177009169042,25.75,0.0003993415440355,0
7554,200,0.09333333299999999,0.128888888,0.11578947300000002,117.93858163897238,24.0,0.1777084769208442,0
7571,200,0.160958904,0.09589041,0.164705883,105.66807075777557,22.0,7.987193183677524,1
7595,200,0.21072796900000001,0.088122605,0.202531645,84.68793806970501,23.0,0.4777024716828393,0
7596,200,0.148471615,0.100436681,0.263681593,182.8160484358299,26.0,-0.4013983998524741,0
7610,200,0.16470954299999999,0.10228215702,0.0881590211,92.18553609365198,23.0,-3.288412779699269,0
7620,200,0.276556776,0.097069597,0.192946058,139.43545637154358,25.0,5.075623231726152,1
7707,200,0.12469696938000001,0.08595365342,0.16777378247999997,111.76160278049572,24.0,-0.114807395391304,0
7739,200,0.194719471,0.06270627,0.261648745,138.21503601966634,23.0,20.27625554046957,1
7752,200,0.078899082,0.122935779,0.17130621,134.60380239822047,24.0,-0.090276246326134,0
7755,200,0.269430051,0.100172711,0.105675147,101.96394866118544,25.0,0.8535878502012523,0
7772,200,0.114478114,0.079124579,0.147940074,129.11700997297413,25.0,-0.3739714394668315,0
7783,200,0.18944844100000002,0.131894484,0.162921349,134.4473615544203,25.0,0.3581602439112733,0
7799,200,0.29113924,0.09071729899999999,0.171361502,118.20317327487612,25.0,0.4593120464843431,0
785,200,0.21461895858,0.084786244655,0.18441517849,116.44415248669353,23.655,24.02268761214327,1
7859,200,0.125,0.069852941,0.234567901,122.8717393755893,24.0,20.842545485095165,1
7888,200,0.23536585292,0.053414633290000006,0.16709917858,70.22872339735362,24.07,0.7097212894606402,0
7927,200,0.113902847,0.12562814,0.107003891,118.76576515875216,24.0,4.896432087261327,0
7937,200,0.09421052616,0.08669590546999999,0.18845312237999998,128.6397953235992,24.03,-0.2158851395471033,0
7938,200,0.075862068,0.072413793,0.10606060599999999,111.11531989217129,24.0,0.0423247760644466,0
7949,200,0.2428173371,0.05495356003,0.162030784105,90.70620090218301,21.445,2.867266224053868,0
7983,200,0.15837104,0.027149321,0.08920187799999998,60.24835388866706,22.0,-0.2415013132354188,0
7989,200,0.187050359,0.053956834,0.131274131,76.78560279088914,25.0,-0.265343233117509,0
7995,200,0.19508981966500002,0.106886227065,0.11109359013999999,105.2788407612762,23.585,-0.4930960542963736,0
8021,200,0.25266331582,0.12690954766,0.13618355738000001,110.15633748406191,25.62,0.2366152108468558,0
8024,200,0.19249063636,0.12951310766,0.07543859627999999,97.39988261581611,25.0,-0.2003724669202163,0
8027,200,0.21845070364999997,0.07446009335,0.17411056365,120.53428067140247,23.05,9.168798718592594,1
8029,200,0.133333333,0.083870967,0.104265403,84.17589868052201,24.0,-4.719761827888208,0
8051,200,0.20125786100000004,0.05450733700000001,0.208053691,123.513429594062,24.0,-0.2296356271270507,0
8055,200,0.23561151,0.097122302,0.12210526299999999,117.04014747118904,24.0,-1.0693407800285188,0
8056,200,0.12236596715999999,0.04382284323999999,0.13899749356000002,112.20606409992602,25.94,0.1168321413761183,0
8062,200,0.21300275464,0.08953167990500001,0.097906033595,67.13498958119409,24.035,-0.2778245539946525,0
8066,200,0.199421965,0.05202312099999999,0.283018868,119.72085264743488,24.0,0.9596740755451088,0
8074,200,0.228,0.05800000000000001,0.085339168,68.55644700877441,23.0,-0.3073912585232876,0
8090,200,0.127102803,0.157009345,0.16359447,129.41734536048313,25.0,31.513815274700423,1
8126,200,0.237623762,0.141914191,0.108527132,98.31350615198394,24.0,-0.1229252615498867,0
8136,200,0.135,0.1025,0.042857142,78.36344140703679,24.0,-0.0795059698926425,0
8145,200,0.211534090085,0.121193180975,0.09108600172499999,73.19787471770582,25.285,-0.0978656005251885,0
8155,200,0.19140287746999998,0.10489208569999998,0.08752149076,94.2657746985005,23.525,4.075509413217745,0
8175,200,0.148876404,0.081460674,0.178683386,109.13849008986558,24.0,-1.882815333078716,0
8179,200,0.177238805,0.065298507,0.124236252,95.74816187334793,25.0,-0.1117561778662937,0
8202,200,0.11023622,0.05905511799999999,0.150442478,128.96565547372018,23.0,14.32854350847783,1
8203,200,0.127795527,0.05750798700000001,0.076388889,75.96994023953188,23.0,11.160161879083,1
8243,200,0.196721311,0.068852459,0.075539569,63.55979058295651,25.0,-0.1920657537561232,0
8254,200,0.10413513443500001,0.11529729659999999,0.13033586829000002,95.5046275322738,25.98,4.065951728884567,0
8259,200,0.170833333,0.0875,0.085308056,92.74570826528011,23.0,7.084590382531715,1
8260,200,0.113861386,0.08415841500000001,0.106145251,99.04251956620008,24.0,-0.2691143981856468,0
8265,200,0.23454545399999996,0.121818181,0.215189873,151.4305449250112,25.0,-0.0549608789097039,0
8272,200,0.204,0.096,0.172018349,113.1424076820577,22.0,-0.8309254606656916,0
8273,200,0.264990328,0.075435203,0.152360515,119.43532118928005,26.0,-0.0559277916494648,0
8276,200,0.1746888883,0.11557777706,0.18483077759,121.7132482413682,24.49,-1.3415795643574069,0
8278,200,0.225733634,0.121896162,0.180628272,110.47627915524237,25.0,0.034329348531906,0
8347,200,0.164233576,0.0729927,0.08829568800000001,83.91783539477883,23.0,26.791003835142977,1
8358,200,0.159274193,0.100806451,0.089655173,102.83709791888955,24.0,-1.6877576765321067,0
8361,200,0.23192098048,0.15707084437500002,0.21579999933,110.95162098504152,25.915,-0.3416304965894813,0
8380,200,0.240932642,0.064766839,0.161931818,82.43063513471152,22.0,-1.0217573277973944,0
8385,200,0.257971014,0.066666666,0.09324758800000002,78.62861678995476,25.0,1.140002393371928,0
8392,200,0.11765536698,0.09239171303999999,0.07677777794,84.31343908334297,22.14,-0.0482587835496858,0
8434,200,0.197044334,0.068965517,0.203296703,131.13730388609918,22.0,-0.8139687444422052,0
8471,200,0.231441048,0.11135371099999998,0.12051282099999999,96.1639504139116,22.0,-0.1228411190600595,0
8524,200,0.22867346862000001,0.10506802682,0.10719999999999999,65.56464680651388,24.26,0.1058067656201399,0
8587,200,0.14,0.09,0.078947368,100.399058357014,26.0,-0.1927309935998239,0
8609,200,0.19387368383999998,0.12864210489000003,0.23567756491999997,117.1264547217108,23.49,-0.5666726536995915,0
8610,200,0.10909090900000001,0.054545454,0.145098039,113.49108422837053,24.0,8.78828569788411,1
8623,200,0.14619186023,0.05351744159,0.04665447172000001,97.41906261211562,21.11,7.738666210758072,1
8628,200,0.146341463,0.05365853600000001,0.090909091,46.47570785723852,25.0,1.7761742916817589,0
8631,200,0.142857142,0.087912087,0.18930041200000003,132.2373122040203,23.0,-1.261476742231845,0
8722,200,0.139344262,0.13114754,0.090047393,91.24275686511244,23.0,15.59268312920942,1
8760,200,0.317829457,0.058139534,0.241666667,129.26116333424628,24.0,0.3763543737504326,0
877,200,0.183098591,0.06197183,0.20668692999999996,122.13648786858856,25.0,-2.084405262219003,0
8790,200,0.063400576,0.074927953,0.099678457,99.43350154343968,25.0,-0.1816339420540041,0
8793,200,0.216014897,0.108007448,0.205627705,102.7163896505324,24.0,-0.1784805702798794,0
8810,200,0.265129682,0.051873198,0.158878504,66.15823967115415,25.0,-0.5121049285398291,0
8841,200,0.1551515146,0.0986580086,0.09897865280000001,86.80441278909602,23.2,0.4731456880330162,0
8879,200,0.227272727,0.121212121,0.317180616,172.64716198254598,23.0,-1.0551708321566016,0
9009,200,0.157057654,0.131212723,0.156542057,113.02985176159163,23.0,1.5509703896396694,0
9018,200,0.235930735,0.09523809499999998,0.166259169,107.8580442182012,22.0,-0.3318285390180632,0
9048,200,0.181193414905,0.06699588426000001,0.09492228737500001,86.16744312636214,23.0,1.8375441917034805,0
9054,200,0.189873417,0.147679324,0.116751269,99.21482714839384,22.0,5.94032475943904,1
9060,200,0.1910583939,0.10627737187500001,0.1796094961,90.86767284751313,24.225,-0.5233082396550237,0
9063,200,0.1119191916,0.041111110650000005,0.14698453035,102.0702875389018,21.65,-2.1507217067701623,0
9072,200,0.146048109,0.092783505,0.158914729,109.70590280774076,24.0,-0.7499454526561593,0
9077,200,0.18745901603,0.09841530012,0.13529231292,102.39833699883076,24.17,30.56256018147318,1
9134,200,0.27894417458500004,0.10406553345999998,0.17728516399500002,116.68320600521423,23.405,19.433396559717774,1
9147,200,0.147843942,0.11293634400000001,0.247619048,144.33144849372957,24.0,-0.1576707842828934,0
9166,200,0.150336537805,0.11798076873500002,0.19393862011000004,141.07499515183284,22.245,57.85009504097354,1
9187,200,0.300796812,0.081673306,0.128089887,83.92261582162571,23.0,-0.0008979773310493,0
9205,200,0.11945392400000002,0.163822525,0.180672268,144.5359354970864,22.0,5.039867711989289,1
9210,200,0.17632404129999998,0.05796167165000001,0.24761673155,134.7976486509168,20.05,-0.8393220387762195,0
9241,200,0.21113689000000002,0.064965197,0.213917526,130.13380043824884,23.0,35.86494752720519,1
9256,200,0.110403397,0.067940552,0.09345794400000002,90.01494698047243,24.0,21.425686937544167,1
9272,200,0.21837628791500002,0.11203608187499998,0.293895986695,157.33461426080603,22.365,10.901782886558768,1
9308,200,0.1683847977,0.06612826549999999,0.11559146685,90.21217992231395,23.55,1.1576819990941,0
9312,200,0.167919799,0.065162907,0.220994475,126.95276694976884,23.0,-1.241654222949696,0
9328,200,0.2277966101,0.09266949108,0.13202530432,111.73192962565192,23.58,11.823058649479169,1
9331,200,0.2393478256,0.063695652,0.1054945054,80.1613352354317,24.0,0.6286266397306257,0
9334,200,0.23405228724000002,0.09702614296,0.24092546196,144.4301444649171,24.28,-0.2199791200417144,0
9343,200,0.159259259,0.14074074,0.10643015500000001,79.37307434918132,23.0,-0.4201804281446341,0
9362,200,0.138586956,0.070652173,0.135294117,110.86001783017252,25.0,-2.1317290033217366,0
9373,200,0.13802771779,0.040266523925,0.147036246445,67.67648115790765,25.495,-1.7490864736083311,0
9393,200,0.206521739,0.054347826,0.294573643,150.17843303140438,23.0,3.586288328301065,0
9450,200,0.24055666000000003,0.083499005,0.102908277,91.79721657820257,25.0,-0.0178885121332688,0
9461,200,0.20920502,0.054393305,0.113636364,91.76926310619204,23.0,-0.5858033468534423,0
9514,200,0.140096618,0.08212560299999999,0.120218579,89.13876892631941,21.0,-0.3378697981831184,0
9542,200,0.123505976,0.059760956,0.060869565,70.72544814048666,23.0,-0.8671875021991666,0
9549,200,0.217647058,0.076470588,0.243534483,129.33537245255252,25.0,19.168780927527266,1
957,200,0.11582441071999999,0.04837259047,0.17776162814000002,95.39483567716097,24.53,0.8793724741022821,0
9571,200,0.19227574717000004,0.10810631145999999,0.07412931156000001,90.29704802705415,25.31,8.176229229571485,1
9627,200,0.218805969975,0.074029850075,0.21765222504999998,123.5373096613713,23.925,17.55575391002317,1
9628,200,0.200520833,0.083333333,0.158501441,78.24363784428898,25.0,-0.7748118585787849,0
9629,200,0.198380566,0.06882591,0.064814815,67.61161520106191,24.0,0.3522385202956175,0
9632,200,0.297674418,0.130232558,0.254054054,131.02416161513338,22.0,0.1361397773143112,0
9682,200,0.17336152200000002,0.04651162700000001,0.175925925,116.19559179339302,25.0,1.939392888603636,0
9684,200,0.127596439,0.094955489,0.18060200699999998,122.65513186917003,25.0,-0.3842408872131785,0
9698,200,0.210762331,0.073991031,0.237623762,110.7164490048836,26.0,0.5218410459953602,0
9700,200,0.258139534,0.079069767,0.250645995,112.78575818785916,25.0,2.473595357376604,0
9776,200,0.18,0.11,0.204081633,120.80298988618024,24.0,20.960277225145877,1
9802,200,0.130263735835,0.078439560325,0.09216138619,93.59416533525005,25.865,0.5670721531393956,0
9810,200,0.17,0.07,0.104972376,67.55588221727426,25.0,25.16790855057756,1
9847,200,0.149372881,0.09376271147999998,0.11136194031999999,115.25862250801558,20.64,52.3431565486568,1
9848,200,0.22082585200000002,0.071813285,0.10515873,115.91866730471584,22.0,19.385782474392204,1
9853,200,0.19660194100000003,0.104368932,0.223463687,115.4016375644512,25.0,-0.1003217224483002,0
9854,200,0.142595978,0.076782449,0.170731708,102.66418677997557,25.0,0.3214371463999869,0
9856,200,0.21548821500000004,0.08080808,0.10687022900000001,86.83174756515959,22.0,0.2899666068296564,0
9871,200,0.167272727,0.116363636,0.09787234100000002,95.90980706314626,21.0,-0.5663318205596407,0
9874,200,0.10931174,0.056680161,0.079295154,76.61250458911162,22.0,27.19400323602161,1
9875,200,0.29326923,0.108173076,0.26902174,106.06036141714966,23.0,-1.220786931793036,0
9883,200,0.23215310927999996,0.06425837227,0.0754285708,43.03071467430413,22.81,-0.0786525301164207,0
9886,200,0.139655172,0.055172413,0.108818011,68.97968606834041,23.0,-0.8279954766325784,0
9892,200,0.235294117,0.073529411,0.262032085,149.35221673765065,20.0,20.54888452381692,1
9893,200,0.18604651099999997,0.126614987,0.145015105,92.9403699640818,21.0,18.037851710263016,1
9911,200,0.24782214109999998,0.10906533521,0.26757228193,126.71737710314954,22.71,4.742012170018366,0
9927,200,0.207729468,0.10144927500000002,0.071823204,95.87685206566287,23.0,37.28929454808184,1
9955,200,0.3,0.052173913,0.21962616799999998,140.60455953533076,25.0,-0.1234740444064487,0
9957,200,0.11975750526000001,0.05549653522,0.21289879389500002,135.60680216318758,24.345,7.354534567378371,1
9958,200,0.17266187,0.07913669,0.120481928,112.13038791382716,25.0,-0.7823727690922103,0
9959,200,0.18421052600000004,0.144736842,0.10897435900000002,118.20254474806775,24.0,-0.0679604902489914,0
9981,200,0.230851063,0.08710992857500001,0.193983446725,111.56586231804559,21.475,7.369542229230266,1
sa184892,200,0.074492099,0.085778781,0.172680413,120.54659936921551,26.0,0.0,0
sa185636,200,0.153374233,0.098159509,0.16091954,97.09482852637996,24.0,0.0,0
sa185720,200,0.145176990545,0.13307522086499998,0.10525168639,147.31426674136517,25.0,0.0,0
sa198210,200,0.146484375,0.076171875,0.10967742,102.81682631509484,26.0,0.0,0
sa198276,200,0.182795698,0.089605734,0.093306288,81.49685804640056,26.0,0.0,0
sa198415,200,0.207619047,0.116190476,0.154525386,102.29884589278548,26.0,0.0,0
sa199032,200,0.230240549,0.106529209,0.18,90.79695618066322,25.0,0.0,0
sa199056,200,0.049074585080000004,0.05208563506000001,0.077848664815,56.55104553362922,25.715,0.0,0
sa199057,200,0.172505994825,0.09153477185,0.055516492965,63.95114444670673,24.37,0.0,0
sa199234,200,0.09132812484500001,0.07815104124,0.071363636435,66.29010569288417,25.785,0.0,0
sa199615,200,0.259459459,0.07027027,0.19329388600000003,114.6253500433267,26.0,0.0,0
sa199621,200,0.055684454,0.127610208,0.05737705,99.30239099862298,26.0,0.0,0
sa199748,200,0.153225806,0.064516129,0.14159292,93.5670968545423,25.0,0.0,0
sa199853,200,0.16216216199999997,0.10424710399999998,0.118942731,99.0797766140267,26.0,0.0,0
sa200139,200,0.199095022,0.081447963,0.165,125.1820698546572,26.0,0.0,0
sa200296,200,0.15099715,0.108262108,0.10130719,81.2190422573914,23.0,0.0,0
sa200342,200,0.166666666,0.08139534799999999,0.18220339,100.19601263283266,25.0,0.0,0
sa200361,200,0.13611111057,0.07111111067999999,0.1088547007,88.11389449193483,24.37,0.0,0
sa200434,200,0.153638814,0.035040431,0.260623229,120.57021714124924,26.0,0.0,0
sa200576,200,0.32326315762999996,0.05957894719,0.12667814071,71.7292669688099,24.47,0.0,0
sa201094,200,0.23177419295,0.11209677385000003,0.14403214295000002,76.98475904469399,25.0,0.0,0
sa201247,200,0.131868131,0.073260073,0.107883817,83.52010115608581,26.0,0.0,0
sa201344,200,0.090040321865,0.051102150095,0.09401814444500001,115.72958590940533,25.395,0.0,0
sa201626,200,0.157024793,0.086776859,0.027777778,35.236395292677074,25.0,0.0,0
sa201765,200,0.219696969,0.034090909,0.070866141,36.744173891353135,26.0,0.0,0
sa201792,200,0.128514056,0.068273092,0.090497737,78.96326344478557,25.0,0.0,0
sa201812,200,0.212871287,0.148514851,0.192307692,118.38079037836889,26.0,0.0,0
sa201860,200,0.14980306294,0.037582056315,0.12830134569,88.46295656871087,22.315,0.0,0
sa201880,200,0.275,0.085714285,0.083665339,66.48607070591603,23.0,0.0,0
sa202240,200,0.243169398,0.051912568,0.174041298,78.92507501378911,25.0,0.0,0
sa202246,200,0.298449612,0.08139534799999999,0.16170212800000003,90.13048748317664,26.0,0.0,0
sa202378,200,0.1297743461,0.07117577129,0.16633448485000002,94.4662414596793,23.29,0.0,0
sa202391,200,0.19334437004000002,0.07029801248,0.12705555545000002,76.76653239321483,25.57,0.0,0
sa202394,200,0.214532871,0.089965397,0.080321285,52.399573526382085,26.0,0.0,0
sa202457,200,0.10116731500000001,0.054474708,0.115879828,86.25613015947322,26.0,0.0,0
sa202626,200,0.205063291,0.129113924,0.212389381,120.5251485584349,26.0,0.0,0
sa202764,200,0.189655172,0.056034482,0.17889908199999996,121.14524948941066,25.0,0.0,0
sa202878,200,0.189830508,0.077966101,0.097014925,71.86985443840122,24.0,0.0,0
sa203900,200,0.164179104,0.099502487,0.079096045,65.9363491997281,26.0,0.0,0
sa205245,200,0.18859649100000003,0.061403508,0.181372549,101.71485347199626,26.0,0.0,0
sa211396,200,0.16953125,0.11428571352999999,0.09383291628999998,73.14007600688348,24.705,0.0,0
sa225671,200,0.139186295,0.072805139,0.17016317,96.64900113713092,26.0,0.0,0
sa225722,200,0.248091603,0.11832061,0.157894737,108.83116746797872,26.0,0.0,0
sa225728,200,0.08028985454000001,0.1116666665,0.14697333598,133.29173366900406,24.38,0.0,0
sa225731,200,0.19947368359000003,0.06407894689,0.150785714205,61.92353314544787,25.805,0.0,0
sa225750,200,0.179810725,0.09148264899999999,0.117437723,78.26905291961192,25.0,0.0,0
sa225758,200,0.321167883,0.083941605,0.233606557,97.38788009147336,25.0,0.0,0
sa225831,200,0.18873563155,0.037643677575000006,0.14263432337499998,90.01991050670131,24.275,0.0,0
sa225999,200,0.251893939,0.075757575,0.184873949,121.30289024605536,26.0,0.0,0
sa226130,200,0.18895966,0.135881104,0.174358975,112.36792435333582,26.0,0.0,0
sa226208,200,0.220833333,0.0875,0.014354067,79.74948583526779,26.0,0.0,0
sa226259,200,0.139534883,0.05116278999999999,0.16751269000000002,73.54251456587255,25.0,0.0,0
sa226262,200,0.22256410195999998,0.060384614440000005,0.08384491951,77.36714769664492,24.07,0.0,0
sa226269,200,0.15602094155,0.06905759116,0.10058283871000001,75.97051599162094,25.37,0.0,0
sa227568,200,0.124242424,0.060606059999999996,0.16501650100000004,116.42309198515198,25.0,0.0,0
sa236458,200,0.159836065,0.13114754,0.081730769,76.32173583809004,26.0,0.0,0
sa243989,200,0.2548401817,0.08433789919999998,0.1573291533,58.37234858932773,22.05,0.0,0
sa243993,200,0.173447537,0.10278372500000002,0.148418491,100.66450467542955,22.0,0.0,0
sa244092,200,0.131578947,0.093567251,0.18936877,126.90013708999304,25.0,0.0,0
sa244219,200,0.24150943299999997,0.071698113,0.175,95.43358511518296,23.0,0.0,0
sa244227,200,0.124463519,0.055793991,0.0657277,71.1893520298966,23.0,0.0,0
sa244229,200,0.158878504,0.06542056,0.12628866,92.23803501225882,26.0,0.0,0
sa244377,200,0.192560175,0.06126914599999999,0.18720379100000004,106.42000048844247,23.0,0.0,0
sa244469,200,0.12874999994,0.06499999961,0.08450996021999999,64.44293112984475,23.91,0.0,0
sa253267,200,0.103571428315,0.065178570775,0.115744849905,78.17280519162297,23.73,0.0,0
sa253271,200,0.25226415,0.028773584449999997,0.22048611185,88.15381800043016,24.05,0.0,0
sa253288,200,0.208928571085,0.08464285673500001,0.09359892812,82.52042272758653,25.695,0.0,0
sa253307,200,0.11707979596,0.0992444816,0.12519089636,108.98374517047388,25.28,0.0,0
sa253332,200,0.241477272,0.079545454,0.089456869,111.16388216025337,25.0,0.0,0
sa253734,200,0.184431137065,0.07721556855499999,0.139315898575,101.17219520177092,24.735,0.0,0
sa253753,200,0.279461279,0.141414141,0.11155378499999999,88.54970225432237,26.0,0.0,0
sa254033,200,0.18179012303499997,0.1221604933,0.07157411327999999,89.02594368721053,25.025,0.0,0
sa254034,200,0.23051724061,0.05758620655,0.07113943459,49.17778392251623,24.02,0.0,0
sa254151,200,0.1518181813,0.10276223725000001,0.0518168605,71.9569597933755,24.9,0.0,0
sa254333,200,0.108303249,0.12635379,0.034188034,74.24734891994518,26.0,0.0,0
sa254343,200,0.280935373295,0.07607142805999999,0.157589362615,62.23025256873707,25.785,0.0,0
sa254353,200,0.16847826,0.089673913,0.083850931,55.72295958763106,25.0,0.0,0
sa254471,200,0.2155882351,0.06499999973000001,0.08294461642,37.60189745763189,25.03,0.0,0
sa254504,200,0.126666666,0.066666666,0.192592593,104.68736228570214,23.0,0.0,0
sa254672,200,0.17616438351500002,0.05952054784000001,0.09333923539499998,74.11725251280528,24.325,0.0,0
sa254678,200,0.11558411182,0.05467289657999999,0.101872092935,53.80609658342583,22.115,0.0,0
sa254695,200,0.186390728015,0.11235099278000002,0.045139867339999994,78.68222224699366,24.985,0.0,0
sa254761,200,0.10555555536,0.10166666612,0.05561660492,63.41103990859533,25.08,0.0,0
sa262564,200,0.29257575747000003,0.09318181734,0.092884615075,63.876178156766215,23.805,0.0,0
sa286168,200,0.167247386,0.06620209,0.154150198,89.6027386706917,23.0,0.0,0
sa286639,200,0.201645160685,0.13716128952,0.102822410285,100.71128199652213,24.51,0.0,0
sa286640,200,0.09748061938000001,0.07531007683,0.13581281039,95.5959765143907,25.23,0.0,0
sa287833,200,0.19621621557000002,0.0794594588,0.05057032115,28.554527075969574,25.45,0.0,0
sa288775,200,0.153333332905,0.12833333301,0.07298491317000001,91.62643923449437,22.305,0.0,0
sa290201,200,0.102728731,0.093097913,0.06967985,102.5788683485008,26.0,0.0,0
sa290612,200,0.316860465,0.037790697,0.271028037,107.48246809143684,25.0,0.0,0
sa291097,200,0.27697115365,0.14408653777500002,0.15710164840000002,95.11000227350647,24.275,0.0,0
sa291106,200,0.21917525725,0.08099656267499998,0.08243146604000001,41.948697166229415,24.915,0.0,0
sa291146,200,0.12146209352,0.057328519679999995,0.08903921572,113.44672609428278,25.145,0.0,0
sa291160,200,0.146341463,0.058536585,0.090909091,80.00177808900723,25.0,0.0,0
sa291400,200,0.224199288,0.071174377,0.171314741,91.17993688406597,26.0,0.0,0
sa291449,200,0.12539855008,0.073756038435,0.10203336717500001,88.86241301617657,25.815,0.0,0
sa291705,200,0.130653266,0.118090452,0.074183976,100.3814685739012,25.0,0.0,0
sa291760,200,0.117516629,0.048780487,0.104513064,65.14782830831065,24.0,0.0,0
sa291797,200,0.267857142,0.082142857,0.067460317,72.59515155856391,25.0,0.0,0
sa291803,200,0.16819512104,0.08941463393999999,0.15909836136,76.89321678374263,25.82,0.0,0
sa291809,200,0.15645454505499998,0.04915909,0.147480392075,87.23440159319215,23.835,0.0,0
sa294015,200,0.27388036725000003,0.064417177125,0.1286440675,77.645545617528,24.875,0.0,0
sa294116,200,0.11841463399999999,0.130609756,0.1380918225,133.90304980359332,25.5,0.0,0
sa294128,200,0.2167065866,0.059281436699999995,0.08199029129999999,62.149944450237236,22.0,0.0,0
sa294138,200,0.17297202732,0.06618881064,0.13218324944,64.66439200988859,25.16,0.0,0
sa294147,200,0.194852941,0.113970588,0.0625,61.31384318763588,26.0,0.0,0
sa294300,200,0.2113143626,0.04172086656,0.08666666646,30.498663451840777,24.32,0.0,0
sa294305,200,0.170454545,0.049242424,0.149377593,88.45844962277286,25.0,0.0,0
sa294342,200,0.205741626,0.133971291,0.211428572,129.7704896980626,22.0,0.0,0
sa294361,200,0.11184210499999998,0.055921052,0.121428571,70.78404561407491,25.0,0.0,0
sa294438,200,0.20104651146,0.09976744106,0.11960264927999999,74.90908934981594,25.14,0.0,0
sa294477,200,0.12955284552000002,0.08882113784,0.09643438972,104.53347082007669,24.52,0.0,0
sa294650,200,0.21818181800000003,0.033333333,0.112903226,83.06848052321826,24.0,0.0,0
sa294705,200,0.22874999995,0.12180920964,0.18545454575,103.45563283913549,24.255,0.0,0
sa294917,200,0.265765765,0.112612612,0.18961039,83.57520169061928,24.0,0.0,0
sa295125,200,0.10945848362500002,0.049332129249999995,0.059542410500000004,55.65218403003195,23.25,0.0,0
sa295188,200,0.236135957,0.060822898,0.206225681,132.9718864746188,26.0,0.0,0
sa295198,200,0.269058295,0.080717488,0.158163266,61.89222263049702,23.0,0.0,0
sa295626,200,0.168195718,0.027522935,0.12987013,58.191856909341,26.0,0.0,0
sa295642,200,0.19528619499999997,0.057239057,0.097378277,78.05420059754074,23.0,0.0,0
sa295726,200,0.201520912,0.072243346,0.130252101,71.49300364416608,25.0,0.0,0
sa296971,200,0.205263157,0.05526315699999999,0.18644067799999997,113.40340231259523,25.0,0.0,0
sa3001259,200,0.17913934332999998,0.041885245730000006,0.07595174480000001,35.44871459252533,24.0,0.0,0
sa3001330,200,0.23921052548000002,0.03657894656,0.09975692155999999,63.54737889958953,22.12,0.0,0
sa3001349,200,0.115207373,0.013824884000000003,0.067961165,38.90233348923599,25.0,0.0,0
sa3001401,200,0.176724137,0.090517241,0.049019608000000006,60.23999765588578,22.0,0.0,0
sa3001591,200,0.21200657833999997,0.036743420175,0.09928190323000001,13.614313284881138,22.255,0.0,0
sa3001595,200,0.184079601,0.064676616,0.112359551,94.21274660843288,24.0,0.0,0
sa3001596,200,0.18474409385,0.06722440868,0.125844155685,72.9673689901359,22.855,0.0,0
sa325096,200,0.09554945028999999,0.08818681279,0.156942112255,97.1777660206769,23.225,0.0,0
sa326041,200,0.18029411718000002,0.09264705840000001,0.04761420194,79.63127828234813,24.13,0.0,0
sa326115,200,0.176211453,0.127753303,0.144329897,106.39410084313637,25.0,0.0,0
sa326543,200,0.17827298,0.052924791,0.11746988,78.89973587697973,24.0,0.0,0
sa326554,200,0.180685358,0.043613707,0.090604026,42.37563268438716,24.0,0.0,0
sa326677,200,0.16,0.107692307,0.23843416399999998,114.60634806470654,24.0,0.0,0
sa326701,200,0.261538461,0.101538461,0.155172414,98.30512053853718,24.0,0.0,0
sa326736,200,0.19678714799999997,0.080321285,0.075555556,77.08710528469338,23.0,0.0,0
sa326749,200,0.17565454460000002,0.13830909012,0.14726489031999998,119.61625362601332,25.94,0.0,0
sa326763,200,0.17569444421,0.110555554615,0.12076676296999998,117.51787609890187,25.09,0.0,0
sa326780,200,0.23009433938,0.145188679,0.10129635526,75.48377195932132,24.54,0.0,0
sa326841,200,0.198492462,0.087939698,0.144846797,86.88159465046283,25.0,0.0,0
sa326944,200,0.24693548352500003,0.062495754859999995,0.21003869641,111.63318277252147,25.395,0.0,0
sa327041,200,0.145,0.095,0.074285714,47.53768366400316,23.0,0.0,0
sa327057,200,0.13559322,0.084745762,0.085872576,80.76884344829936,26.0,0.0,0
sa327078,200,0.18181818100000002,0.058181818,0.108527132,97.33696984933016,24.0,0.0,0
sa327086,200,0.21270718200000002,0.102209944,0.267295597,124.11153907522292,25.0,0.0,0
sa327674,200,0.113157894,0.05526315699999999,0.060344827,79.67858140788685,25.0,0.0,0
sa327723,200,0.179211469,0.05734767,0.118577075,64.34487748971563,24.0,0.0,0
sa327816,200,0.25633333279,0.07829411741499999,0.18125016567,62.46280179397936,25.695,0.0,0
sa327863,200,0.114361702,0.085106382,0.06231454,55.30725580397064,25.0,0.0,0
sa327887,200,0.169014084,0.061032863,0.158163266,74.26756272967525,25.0,0.0,0
sa328277,200,0.19574468,0.082978723,0.097156398,78.7869737302982,25.0,0.0,0
sa328607,200,0.122844827,0.094827586,0.06372549,82.48403425003703,25.0,0.0,0
sa328608,200,0.138801261,0.082018927,0.075,82.41328761895747,24.0,0.0,0
sa328616,200,0.24471428539500004,0.09571428532000001,0.04822871545999999,29.457859850015748,22.8,0.0,0
sa328617,200,0.14527558973,0.03562992072,0.08698137677000001,49.98054140509234,24.84,0.0,0
sa328741,200,0.30065517186,0.10303448204,0.10380645159,83.28242559065244,24.71,0.0,0
sa329105,200,0.19374268948,0.08301169558,0.12887654036,50.39072363426262,21.48,0.0,0
sa329130,200,0.16572580610999998,0.04790322513,0.12734370542,74.65402523550028,25.17,0.0,0
sa329327,200,0.19162499938500002,0.10541666591,0.09148075351,65.43918806993818,23.185,0.0,0
sa381319,200,0.12228260799999999,0.070652173,0.127218935,74.17666471983637,26.0,0.0,0
sa388379,200,0.204678362,0.090643274,0.260726072,145.5854459468624,25.0,0.0,0
sa388380,200,0.09420077928,0.041023391279999995,0.14639569700000002,94.17924473629138,25.64,0.0,0
sa388384,200,0.164874551,0.086021505,0.09163346600000001,85.80729273028602,26.0,0.0,0
sa388399,200,0.19253623113000004,0.06699275278,0.21682723473000004,94.28355337998553,24.335,0.0,0
sa388992,200,0.12614906804,0.03639751487,0.06930924314,57.61621752028238,25.045,0.0,0
sa389255,200,0.151012891,0.114180478,0.135593221,99.05686447850532,25.0,0.0,0
sa389423,200,0.228,0.076,0.111607143,91.16501220261864,26.0,0.0,0
sa389445,200,0.25147492595000004,0.03876106135,0.13125,63.02924036772047,24.65,0.0,0
sa389690,200,0.10352422899999998,0.112334801,0.0859375,69.44632185491318,24.0,0.0,0
sa389692,200,0.241830065,0.06862745,0.154676259,74.0451877502108,24.0,0.0,0
sa389712,200,0.307065217,0.046195652,0.227405248,73.46067601616029,24.0,0.0,0
sa389801,200,0.225071225,0.048433048000000006,0.172307693,91.78675026684814,26.0,0.0,0
sa389878,200,0.318518518,0.085185185,0.21794871800000004,124.10015132571421,26.0,0.0,0
sa389902,200,0.204747774,0.115727002,0.121527778,99.52683534666136,24.0,0.0,0
sa389905,200,0.10686274448000001,0.0752614372,0.08548981892,69.92979968623636,24.56,0.0,0
sa390262,200,0.198443579,0.10116731500000001,0.0625,84.01036574462303,25.0,0.0,0
sa390269,200,0.13454545403,0.104318181585,0.06842442637,100.4906751897432,25.105,0.0,0
sa390301,200,0.229333333,0.136,0.058064516,95.1162080213034,26.0,0.0,0
sa390596,200,0.16586538400000003,0.100961538,0.137096774,84.87286325600877,26.0,0.0,0
sa390638,200,0.149450549,0.129670329,0.097686375,75.36736348935985,25.0,0.0,0
sa390639,200,0.129363449,0.135523613,0.086848635,107.67295866141306,24.0,0.0,0
sa392145,200,0.19117647,0.06862745,0.128342246,80.32255842727551,25.0,0.0,0
sa392852,200,0.170824175535,0.01420329599,0.064050800395,61.382799418584256,23.255,0.0,0
sa392885,200,0.11900735248,0.07952205825999999,0.041963414875,53.236241813563026,24.86,0.0,0
sa392930,200,0.18303278648,0.05721311445,0.11838271547,84.66799839484455,22.22,0.0,0
sa393008,200,0.15832236812499997,0.03680920985,0.153808657765,53.33842810586961,21.705,0.0,0
sa454224,200,0.142857142,0.118367346,0.142180094,95.10442768491608,24.0,0.0,0
sa454544,200,0.243243243,0.092664092,0.188340807,112.23352827003117,23.0,0.0,0
sa454788,200,0.2023529404,0.08407562964,0.17033139276,97.67482146446115,23.74,0.0,0
sa454873,200,0.160305343,0.08651399399999998,0.178674351,97.42290833317098,25.0,0.0,0
sa454891,200,0.179372197,0.071748878,0.09595959599999998,93.06833090967652,26.0,0.0,0
sa454914,200,0.272357723,0.048780487,0.137168142,106.26141400399406,25.0,0.0,0
sa454958,200,0.133587786,0.133587786,0.08928571400000002,97.47746795660528,24.0,0.0,0
sa454975,200,0.236151603,0.072886297,0.131832798,70.71943988782388,25.0,0.0,0
sa454985,200,0.211111111,0.074074074,0.11020408200000001,63.86914214436232,24.0,0.0,0
sa455308,200,0.13996659207,0.047717148710000004,0.08856668535,89.1233143054506,24.51,0.0,0
sa455332,200,0.286419753,0.066666666,0.142076503,60.17294023924437,25.0,0.0,0
sa455434,200,0.26682926796,0.07812195076,0.15680201172,96.79736108950024,25.52,0.0,0
sa455436,200,0.19936708799999997,0.037974683,0.16722408000000002,83.90266507787912,23.0,0.0,0
sa455626,200,0.13936170148,0.04670212764000001,0.14145736392,86.82732221927554,23.04,0.0,0
sa462418,200,0.19199999980000002,0.044013157585,0.10757097245000001,65.48443483168525,24.735,0.0,0
sa489713,200,0.101161730575,0.07687927010500001,0.12426361736000001,122.93287087282759,25.015,0.0,0
sa491894,200,0.241935483,0.072580645,0.28251121,142.92065690706414,25.0,0.0,0
sa500746,200,0.16626506,0.069879518,0.108179419,88.33469690851418,24.0,0.0,0
sa500821,200,0.33466135399999997,0.035856573,0.121212122,41.246441309494514,24.0,0.0,0
sa501459,200,0.24451999996999998,0.08381333303499999,0.11603658583,93.44966051260516,23.865,0.0,0
sa501575,200,0.173570019,0.072978303,0.118790497,73.48718923307356,23.0,0.0,0
sa502222,200,0.19599999946000002,0.04999999921000001,0.155520259815,95.93226097707266,22.325,0.0,0
sa502223,200,0.117647058,0.08597285000000002,0.123393317,92.52280442943079,26.0,0.0,0
sa502224,200,0.16296460096,0.05432153328,0.0807289426,70.98081626736045,18.88,0.0,0
sa502230,200,0.1747445251,0.06080291945,0.082093257975,64.98640016795281,22.15,0.0,0
sa505255,200,0.30859375,0.078125,0.091304348,30.30853684503796,19.0,0.0,0
sa505268,200,0.24398255719999998,0.08546511534500001,0.13229656441999998,76.0534804824108,19.365,0.0,0
sa506978,200,0.09045454489,0.025454544695,0.08874658471,35.99088291240749,20.07,0.0,0
sa507254,200,0.21869458064,0.0651724135,0.094516484,66.4925375158016,21.91,0.0,0
sa508008,200,0.055555555,0.060606059999999996,0.078431372,67.13750573244175,22.0,0.0,0
sa508026,200,0.2113358776,0.1380152666,0.12574061840000003,82.17966478233288,23.4,0.0,0
sa508052,200,0.084210526,0.11368421,0.096296297,108.17580035376758,26.0,0.0,0
sa508053,200,0.08961538412500002,0.0446153845,0.044382504249999996,73.23125672830102,24.125,0.0,0
sa508054,200,0.19906249975,0.0572767855,0.08665186375000002,54.886744541037366,23.25,0.0,0
sa508059,200,0.136950904,0.067183462,0.071225071,62.21114619930089,19.0,0.0,0
sa508061,200,0.22936170179999998,0.0470212764,0.0754271512,36.44038630468565,24.4,0.0,0
sa508062,200,0.165137614,0.036697247,0.049751244,40.75955164453797,24.0,0.0,0
sa508065,200,0.17318611911999998,0.06395898978999999,0.12714285727,81.93742903974992,17.89,0.0,0
sa508068,200,0.26646153789,0.062461538115,0.06315573713499999,36.298101018804324,22.525,0.0,0
sa508096,200,0.23992857071999998,0.065214284925,0.030932308279999998,42.48474800214577,23.11,0.0,0
sa508184,200,0.147492625,0.11504424699999999,0.090277777,92.41299717595749,24.0,0.0,0
sa508185,200,0.201818181415,0.050454545275000005,0.071452496245,33.74432934846938,24.195,0.0,0
sa508232,200,0.22102941150500002,0.065441176295,0.034735656635,56.98435798441067,22.56,0.0,0
sa508234,200,0.18883495125,0.0813268605,0.08962600925,64.68176618166619,21.25,0.0,0
sa508254,200,0.19074923479,0.033669724160000004,0.07690015473999999,82.7571353407402,22.43,0.0,0
sa508256,200,0.22365671569,0.038432835054999996,0.07971153831000001,41.55028016426007,25.21,0.0,0
sa508257,200,0.187214611,0.05022831,0.154228856,98.76562209356968,23.0,0.0,0
sa508258,200,0.16027027004999997,0.05513513485999999,0.033892961879999996,39.10124100488757,20.07,0.0,0
sa508485,200,0.09411764699999998,0.076470588,0.198019802,124.93464594113716,24.0,0.0,0
sa508489,200,0.186074379785,0.079256198185,0.09477558142499999,57.91900138676357,21.345,0.0,0
sa508490,200,0.078616352,0.078616352,0.042704627,84.9399552418169,23.0,0.0,0
sa508491,200,0.14488549587500002,0.01561068685,0.07417066241999999,33.49047978309224,20.245,0.0,0
sa508493,200,0.11878048777,0.04939024382999999,0.055279623779999995,42.919896323208505,21.86,0.0,0
sa508598,200,0.14967741876,0.059677419030000005,0.04872806966,59.4058449955847,20.945,0.0,0
sa508601,200,0.16725663664999998,0.10362831789999999,0.12765953669000002,69.70358105490998,21.15,0.0,0
sa508617,200,0.17397402526999997,0.02535064901,0.10030960412,49.12563312638054,22.61,0.0,0
sa508632,200,0.141078838,0.107883817,0.086124402,85.81664579658424,26.0,0.0,0
sa508654,200,0.141666666,0.033333333,0.058295964,35.5139152986457,20.0,0.0,0
sa509120,200,0.20007042191,0.03633802803,0.03716282198,42.58766869663962,21.095,0.0,0
sa509125,200,0.117493472,0.054830287000000005,0.121387283,68.75972402177356,24.0,0.0,0
sa509126,200,0.17791999949,0.02839999971,0.05545600919999999,28.841649869754402,22.14,0.0,0
sa509127,200,0.112449799,0.046184738,0.145054945,100.06854306108261,23.0,0.0,0
sa509128,200,0.18699999996,0.07099999984,0.027691484920000002,47.82219625203416,22.36,0.0,0
sa509252,200,0.15017571808,0.09889776284,0.09801408673999999,83.85263650402858,22.34,0.0,0
sa509253,200,0.209302325,0.110465116,0.103448276,96.74151948447246,23.0,0.0,0
sa509254,200,0.173238636235,0.051056817495000004,0.034757499435,51.29005153084118,17.945,0.0,0
sa509257,200,0.244999999615,0.10999999948500001,0.047183861764999994,42.68442649415442,25.635,0.0,0
sa509268,200,0.16928571367499998,0.05499999989999999,0.07176724147500001,60.89651878203332,23.925,0.0,0
sa509271,200,0.17741258668499998,0.12192307632000002,0.10719422335499999,79.0485817499857,21.685,0.0,0
sa509273,200,0.076086956,0.063043478,0.114832536,107.57746425423448,24.0,0.0,0
sa509274,200,0.16365384564,0.04923076858,0.030303848820000003,37.11813999890171,20.22,0.0,0
sa509356,200,0.17210191035,0.07665605049,0.027949532399999998,47.86351947603664,20.065,0.0,0
sa509384,200,0.13113402013999997,0.052371133575,0.15855318660999998,96.21173602788821,21.045,0.0,0
sa509385,200,0.21375690555,0.07104972329999999,0.031288343600000004,70.96094847232936,21.85,0.0,0
sa509386,200,0.111111111,0.076923076,0.090047394,53.13323367620856,23.0,0.0,0
sa509387,200,0.21074297153999996,0.031285140290000006,0.026027306159999996,15.117844772220538,20.83,0.0,0
sa509432,200,0.164251207,0.028985507,0.191709845,119.45582511092329,22.0,0.0,0
sa509434,200,0.0766193851,0.03314420751,0.08983660119000002,104.30311042538752,20.07,0.0,0
sa509435,200,0.18978102100000002,0.06569343,0.077868852,41.742886284485095,22.0,0.0,0
sa509441,200,0.256601123175,0.09682584224999999,0.16045049030000003,106.95585047480303,25.025,0.0,0
sa509444,200,0.26340314072,0.048219894879999996,0.12417384984,54.41787328285023,20.33,0.0,0
sa509451,200,0.25636531313999994,0.07566420600999998,0.0455962932,46.2046673983825,23.13,0.0,0
sa509454,200,0.10885245837499999,0.07295081922499999,0.082458651225,67.0104102550613,25.275,0.0,0
sa509465,200,0.20333333312000001,0.03333333307,0.10690199752000001,29.642396952136114,22.165,0.0,0
sa509640,200,0.175014163545,0.144490084775,0.09135045955500001,83.73843681779755,23.685,0.0,0
sa509652,200,0.21644067780999998,0.06377118581,0.02812298673,57.92497568045737,21.115,0.0,0
sa509655,200,0.075980392,0.053921568,0.045576407000000006,78.88349715888256,20.0,0.0,0
sa509699,200,0.09765957432,0.05042553132,0.05453774432,54.9770188330195,22.48,0.0,0
sa509705,200,0.159999999525,0.11374999984999999,0.07422854390000001,48.36073082895957,20.175,0.0,0
sa509736,200,0.122137404,0.038167938,0.09166666699999998,45.87131111510751,22.0,0.0,0
sa509741,200,0.18592198545,0.11265957424,0.11905932175,62.118358551027804,24.49,0.0,0
sa541837,200,0.18142201749999998,0.05247706369999999,0.0960848254,81.21269403494517,22.49,0.0,0
sa541849,200,0.19603365349000001,0.089399037885,0.130196900025,80.37317356630687,25.935,0.0,0
sa542559,200,0.139013452,0.035874439,0.090476191,65.09364649627656,20.0,0.0,0
sa545470,200,0.18623287593999996,0.01691780772,0.12597423484,51.85699618236293,22.58,0.0,0
sa545731,200,0.156398104,0.052132701,0.092307692,34.07987251943029,22.0,0.0,0
sa546354,200,0.12765486699,0.12774336247,0.070353045145,83.51988880163383,20.995,0.0,0
sa546826,200,0.156765733865,0.07505244723,0.092075172375,52.496572560090634,21.795,0.0,0
sa592343,200,0.183024474875,0.12645104834999998,0.161454918025,132.73456693147904,22.475,0.0,0
sa592344,200,0.19111111064,0.03259259256,0.07905940524,23.828291441115347,18.88,0.0,0
sa592345,200,0.13769531202500002,0.053867186935,0.016398305204999998,41.33159180705745,22.355,0.0,0
sa593936,200,0.17,0.093181818,0.03358208925,30.932363567224943,22.25,0.0,0
sa594366,200,0.166578947,0.045701754000000004,0.11277873074999999,83.24220874505365,19.75,0.0,0
sa594836,200,0.12747222203,0.06873611071,0.08514965433,70.48196302805293,21.215,0.0,0
sa633692,200,0.177897196005,0.0838785044,0.05306140324499999,66.76944826209605,25.18,0.0,0
sa651307,200,0.149779735,0.039647577,0.106976744,57.256024385600725,20.0,0.0,0
sa652484,200,0.121621621,0.018018018,0.070422535,45.323677460398955,19.0,0.0,0
sa75328,200,0.22195704,0.08114558399999999,0.112903226,60.69817411277301,25.0,0.0,0
